{
  "hamming_loss": 0.18611111111111112,
  "micro_f1": 0.8805704099821747,
  "macro_f1": 0.8629967079334168,
  "weighted_f1": 0.8790274986190834,
  "per_label_f1": {
    "Efficacy": 0.9873417721518988,
    "Side_Effects": 0.7564102564102564,
    "Mechanism": 0.8452380952380952
  },
  "text_only_comparison": {
    "micro_f1": 0.8825622775800712,
    "macro_f1": 0.8663613987981077,
    "hamming_loss": 0.18333333333333332
  }
}