{
  "model_name": "microsoft/BiomedNLP-PubMedBERT-base-uncased-abstract",
  "micro_f1": 0.9146757679180887,
  "macro_f1": 0.9037491653525409,
  "weighted_f1": 0.9153690123125134,
  "hamming_loss": 0.1388888888888889,
  "per_label_f1": {
    "Efficacy": 0.9873417721518988,
    "Side_Effects": 0.8148148148148148,
    "Mechanism": 0.9090909090909091
  },
  "training_config": {
    "learning_rate": 2e-05,
    "epochs": 5,
    "batch_size": 8,
    "max_length": 512,
    "warmup_steps": 100
  }
}